<?xml version="1.0" encoding="UTF-8" standalone="no"?><objectListWrapper>
  <objects>
      <objectContainer>
         <project>
            <name>[rpa-core-rated-task1 v1.1] Example BP</name>
            <description/>
            <author>workfusion</author>
            <runs>
               <run>
                  <campaign>
                     <active>true</active>
                     <businessRules/>
                     <campaignMaps>
                        <campaignMap>
                           <activateTracking>false</activateTracking>
                           <businessRule>
                              <content>#RuleContext.APPROVE_ALL_RULE</content>
                              <name>Approve All</name>
                              <ruleType>WORKFLOW_RULE</ruleType>
                              <ruleTypeUI>Composite</ruleTypeUI>
                              <uuid>0a1c556d-78c3-46ec-a090-e75dbab79ebf</uuid>
                              <workflowRuleMode>SIMPLE</workflowRuleMode>
                           </businessRule>
                           <campaign>
                              <active>true</active>
                              <businessRules/>
                              <campaignMaps/>
                              <campaigns/>
                              <createNewTrainingSet>false</createNewTrainingSet>
                              <executingType>MACHINE</executingType>
                              <includeOriginalData>false</includeOriginalData>
                              <machineConfig>
                                 <answers/>
                                 <content>&lt;?xml version="1.0" encoding="UTF-8"?&gt;&#13;
&lt;config xmlns="http://web-harvest.sourceforge.net/schema/1.0/config" scriptlang="groovy"&gt;&#13;
&#13;
    &#13;
    &#13;
&#13;
    &lt;script&gt;&lt;![CDATA[&#13;
        import com.workfusion.odf2.core.Odf&#13;
        import com.mphasis.task.ExampleBotTask&#13;
        // after imports&#13;
&#13;
        // before odf builder&#13;
        def odf = Odf.builder()&#13;
            .withInput(__taskInputMap.getWrappedObject())&#13;
            .withModules(new com.workfusion.odf2.core.webharvest.WebHarvestIntegrationModule(binding))&#13;
            &#13;
            // after modules&#13;
            .build()&#13;
&#13;
        // after odf builder&#13;
&#13;
        result = odf.runTask(ExampleBotTask)&#13;
&#13;
        // after runTask&#13;
&#13;
        rows = result.getRows()&#13;
        columns = result.getColumns()&#13;
&#13;
        // after all&#13;
    ]]&gt;&lt;/script&gt;&#13;
&#13;
    &lt;case&gt;&#13;
        &lt;if condition="${result.isPresent()}"&gt;&#13;
            &lt;export include-original-data="false"&gt;&#13;
                &lt;multi-column list="${rows}" split-results="${rows.size() &gt; 1}"&gt;&#13;
                    &lt;loop item="columnName"&gt;&#13;
                        &lt;list&gt;&#13;
                            &lt;script return="columns"/&gt;&#13;
                        &lt;/list&gt;&#13;
                        &lt;body&gt;&#13;
                            &lt;put-to-column-getter name="${columnName}" property="${columnName}"/&gt;&#13;
                        &lt;/body&gt;&#13;
                    &lt;/loop&gt;&#13;
                &lt;/multi-column&gt;&#13;
            &lt;/export&gt;&#13;
        &lt;/if&gt;&#13;
    &lt;/case&gt;&#13;
&lt;/config&gt;</content>
                                 <gavc>com.mphasis:rpa-core-rated-task1-bcb:1.1:main:example-bot</gavc>
                                 <includedConfigs/>
                                 <inclusionCode>com.mphasis:rpa-core-rated-task1-bcb:1.1:main:example-bot</inclusionCode>
                                 <machineWorkSetting>
                                    <category>
                                       <automation>false</automation>
                                       <description/>
                                       <enabled>true</enabled>
                                       <executingType>MACHINE</executingType>
                                       <name>Other</name>
                                       <private>false</private>
                                       <publicId>dd92f240-144b-4fef-8476-4ec0acbc1105</publicId>
                                    </category>
                                    <contentType>BLANK</contentType>
                                    <description/>
                                    <enabled>true</enabled>
                                    <name>Miscellaneous Tasks</name>
                                    <publicId>26e6e095-00bb-43fa-8c34-af0b18e71ac9</publicId>
                                    <version>
                                       <lastModified>2024-05-25T19:44:57.008295100Z</lastModified>
                                       <componentUuid>26e6e095-00bb-43fa-8c34-af0b18e71ac9</componentUuid>
                                       <incrementalVersion>1.0</incrementalVersion>
                                       <lastInChain>true</lastInChain>
                                       <versionUuid>b09fd3c6-dfff-42c6-9e18-43d9b3d697e7</versionUuid>
                                    </version>
                                    <answers/>
                                    <machineWorkSettingType>BASIC</machineWorkSettingType>
                                    <template>
                                       <content>&lt;?xml version="1.0" encoding="UTF-8"?&gt;&#13;
&lt;config xmlns="http://web-harvest.sourceforge.net/schema/1.0/config" scriptlang="groovy"&gt;&#13;
&#13;
    &#13;
    &#13;
&#13;
    &lt;script&gt;&lt;![CDATA[&#13;
        import com.workfusion.odf2.core.Odf&#13;
        import com.mphasis.task.ExampleBotTask&#13;
        // after imports&#13;
&#13;
        // before odf builder&#13;
        def odf = Odf.builder()&#13;
            .withInput(__taskInputMap.getWrappedObject())&#13;
            .withModules(new com.workfusion.odf2.core.webharvest.WebHarvestIntegrationModule(binding))&#13;
            &#13;
            // after modules&#13;
            .build()&#13;
&#13;
        // after odf builder&#13;
&#13;
        result = odf.runTask(ExampleBotTask)&#13;
&#13;
        // after runTask&#13;
&#13;
        rows = result.getRows()&#13;
        columns = result.getColumns()&#13;
&#13;
        // after all&#13;
    ]]&gt;&lt;/script&gt;&#13;
&#13;
    &lt;case&gt;&#13;
        &lt;if condition="${result.isPresent()}"&gt;&#13;
            &lt;export include-original-data="false"&gt;&#13;
                &lt;multi-column list="${rows}" split-results="${rows.size() &gt; 1}"&gt;&#13;
                    &lt;loop item="columnName"&gt;&#13;
                        &lt;list&gt;&#13;
                            &lt;script return="columns"/&gt;&#13;
                        &lt;/list&gt;&#13;
                        &lt;body&gt;&#13;
                            &lt;put-to-column-getter name="${columnName}" property="${columnName}"/&gt;&#13;
                        &lt;/body&gt;&#13;
                    &lt;/loop&gt;&#13;
                &lt;/multi-column&gt;&#13;
            &lt;/export&gt;&#13;
        &lt;/if&gt;&#13;
    &lt;/case&gt;&#13;
&lt;/config&gt;</content>
                                       <name>Blank</name>
                                       <origination>CREATED_MANUALLY</origination>
                                       <status>ACTIVE</status>
                                       <type>BASE_MACHINE</type>
                                       <uuid>8f04bd99-7f51-4796-a528-d1a7c9ccfbc4</uuid>
                                       <version>
                                          <lastModified>2024-05-25T19:44:57.008295100Z</lastModified>
                                          <componentUuid>8f04bd99-7f51-4796-a528-d1a7c9ccfbc4</componentUuid>
                                          <incrementalVersion>1.0</incrementalVersion>
                                          <lastInChain>false</lastInChain>
                                          <versionUuid>b09fd3c6-dfff-42c6-9e18-43d9b3d697e7</versionUuid>
                                       </version>
                                    </template>
                                 </machineWorkSetting>
                                 <machineWorkSettingType>BASIC</machineWorkSettingType>
                                 <name>rpa-core-rated-task1-bcb v1.1 (example-bot)</name>
                                 <machineConfigOptions/>
                                 <sourceType>BUNDLE</sourceType>
                                 <template>
                                    <content>&lt;?xml version="1.0" encoding="UTF-8"?&gt;&#13;
&lt;config xmlns="http://web-harvest.sourceforge.net/schema/1.0/config" scriptlang="groovy"&gt;&#13;
&#13;
    &#13;
    &#13;
&#13;
    &lt;script&gt;&lt;![CDATA[&#13;
        import com.workfusion.odf2.core.Odf&#13;
        import com.mphasis.task.ExampleBotTask&#13;
        // after imports&#13;
&#13;
        // before odf builder&#13;
        def odf = Odf.builder()&#13;
            .withInput(__taskInputMap.getWrappedObject())&#13;
            .withModules(new com.workfusion.odf2.core.webharvest.WebHarvestIntegrationModule(binding))&#13;
            &#13;
            // after modules&#13;
            .build()&#13;
&#13;
        // after odf builder&#13;
&#13;
        result = odf.runTask(ExampleBotTask)&#13;
&#13;
        // after runTask&#13;
&#13;
        rows = result.getRows()&#13;
        columns = result.getColumns()&#13;
&#13;
        // after all&#13;
    ]]&gt;&lt;/script&gt;&#13;
&#13;
    &lt;case&gt;&#13;
        &lt;if condition="${result.isPresent()}"&gt;&#13;
            &lt;export include-original-data="false"&gt;&#13;
                &lt;multi-column list="${rows}" split-results="${rows.size() &gt; 1}"&gt;&#13;
                    &lt;loop item="columnName"&gt;&#13;
                        &lt;list&gt;&#13;
                            &lt;script return="columns"/&gt;&#13;
                        &lt;/list&gt;&#13;
                        &lt;body&gt;&#13;
                            &lt;put-to-column-getter name="${columnName}" property="${columnName}"/&gt;&#13;
                        &lt;/body&gt;&#13;
                    &lt;/loop&gt;&#13;
                &lt;/multi-column&gt;&#13;
            &lt;/export&gt;&#13;
        &lt;/if&gt;&#13;
    &lt;/case&gt;&#13;
&lt;/config&gt;</content>
                                    <name>Blank</name>
                                    <origination>CREATED_MANUALLY</origination>
                                    <status>ACTIVE</status>
                                    <type>BASE_MACHINE</type>
                                    <uuid>8f04bd99-7f51-4796-a528-d1a7c9ccfbc4</uuid>
                                    <version>
                                       <lastModified>2024-05-25T19:44:57.008295100Z</lastModified>
                                       <componentUuid>8f04bd99-7f51-4796-a528-d1a7c9ccfbc4</componentUuid>
                                       <incrementalVersion>1.0</incrementalVersion>
                                       <lastInChain>false</lastInChain>
                                       <versionUuid>b09fd3c6-dfff-42c6-9e18-43d9b3d697e7</versionUuid>
                                    </version>
                                 </template>
                                 <uuid>9c14fce0-a154-4151-989d-56824d74b391</uuid>
                                 <version>
                                    <lastModified>2024-05-25T19:44:57.008295100Z</lastModified>
                                    <componentUuid>548d6615-2dc0-4b16-b976-dc827c256d08</componentUuid>
                                    <incrementalVersion>1.0</incrementalVersion>
                                    <lastInChain>true</lastInChain>
                                    <versionUuid>b09fd3c6-dfff-42c6-9e18-43d9b3d697e7</versionUuid>
                                 </version>
                              </machineConfig>
                              <origination>CREATED_AUTOMATICALLY</origination>
                              <requiresData>true</requiresData>
                              <status>ACTIVE</status>
                              <streamComplexRunThreshold>1</streamComplexRunThreshold>
                              <streamTimeInterval>Immediately</streamTimeInterval>
                              <streamTimeIntervalValue>0</streamTimeIntervalValue>
                              <streamValueType>Tasks</streamValueType>
                              <title>rpa-core-rated-task1-bcb v1.1 (example-bot)</title>
                              <type>SINGLE</type>
                              <uuid>4d7bff94-419b-4d50-bea4-a0f7defb62e1</uuid>
                              <validWorkflow>false</validWorkflow>
                              <version>
                                 <lastModified>2024-05-25T19:44:57.008295100Z</lastModified>
                                 <componentUuid>269ca825-b82c-455e-adbf-0a3ff2afb502</componentUuid>
                                 <incrementalVersion>1.0</incrementalVersion>
                                 <lastInChain>true</lastInChain>
                                 <versionUuid>b09fd3c6-dfff-42c6-9e18-43d9b3d697e7</versionUuid>
                              </version>
                              <workSettingBase>false</workSettingBase>
                              <goldRatio>0</goldRatio>
                              <goldBucketBlockSize>0</goldBucketBlockSize>
                              <goldSource>Empty</goldSource>
                              <goldType>Percentage</goldType>
                              <moderation>false</moderation>
                           </campaign>
                           <deleted>false</deleted>
                           <lastModifiedAudit>
                              <lastModified>2022-04-08T14:58:21.280Z</lastModified>
                           </lastModifiedAudit>
                           <skipForSTPCalculation>false</skipForSTPCalculation>
                           <stepIndex>1</stepIndex>
                           <stepPosition>START</stepPosition>
                           <streamed>false</streamed>
                           <uuid>0ae11761-4f8a-4af4-a213-db9a5aa76d24</uuid>
                           <blockSize>1</blockSize>
                        </campaignMap>
                        <campaignMap>
                           <activateTracking>false</activateTracking>
                           <businessRule>
                              <content>package com.freedomoss.requester;

#list any import classes here.
import com.freedomoss.objective.model.CompositeRuleContext;
import com.freedomoss.objective.model.CompositeRuleDataItemContext;
import com.freedomoss.requester.model.AwsHitQuestionItem;
import com.freedomoss.requester.model.AwsHitQuestionAnswerItem;
import org.slf4j.Logger;
import java.util.Map;
import java.util.Iterator;
import java.util.List;
import java.util.Set;
import java.util.ArrayList;
import com.freedomoss.requester.dto.SubmissionResultDTO;

#declare any global variables here
global CompositeRuleContext source
global Logger log
global Map params



rule "Rule context initialization"
auto-focus true
no-loop
dialect "mvel"
agenda-group "initialization-group"
	when
		$ctx:CompositeRuleContext(initialized == false);
	then
		$ctx.updateWorkingMemory();
		# move to business rules
		$ctx.logExecutedRule(kcontext.getRule().getName());
		kcontext.getKnowledgeRuntime().getAgenda().getAgendaGroup("calculation").setFocus();
end</content>
                              <name>Business Process: End Rule</name>
                              <ruleType>WORKFLOW_RULE</ruleType>
                              <uuid>20b6191c-1d50-489c-b053-1b3895fbeb5g</uuid>
                              <workflowRuleMode>ADVANCED</workflowRuleMode>
                           </businessRule>
                           <campaign>
                              <active>false</active>
                              <businessRules/>
                              <campaignMaps/>
                              <campaigns/>
                              <createNewTrainingSet>false</createNewTrainingSet>
                              <executingType>MACHINE</executingType>
                              <includeOriginalData>false</includeOriginalData>
                              <machineConfig>
                                 <answers/>
                                 <content>&lt;?xml version="1.0" encoding="UTF-8"?&gt;
&lt;config charset="UTF-8"&gt;

    &lt;var-def name="exportType"&gt;
        &lt;case&gt;
            &lt;if condition='${sys.isVariableDefined("_sys_export_type")}'&gt;
                &lt;template&gt;${_sys_export_type}&lt;/template&gt;
            &lt;/if&gt;
        &lt;/case&gt;
    &lt;/var-def&gt;

    &lt;var-def name="exportColumns"&gt;
        &lt;case&gt;
            &lt;if condition='${sys.isVariableDefined("_sys_export_columns")}'&gt;
                &lt;template&gt;${_sys_export_columns}&lt;/template&gt;
            &lt;/if&gt;
            &lt;else&gt;&lt;/else&gt;
        &lt;/case&gt;
    &lt;/var-def&gt;

    &lt;var-def name="columnNameCase"&gt;
        &lt;case&gt;
            &lt;if condition='${sys.isVariableDefined("_sys_column_name_case")}'&gt;
                &lt;template&gt;${_sys_column_name_case}&lt;/template&gt;
            &lt;/if&gt;
            &lt;else&gt;keep&lt;/else&gt;
        &lt;/case&gt;
    &lt;/var-def&gt;

    &lt;var-def name="dataOnly"&gt;
        &lt;case&gt;
            &lt;if condition='${sys.isVariableDefined("_sys_data_only")}'&gt;
                &lt;template&gt;${_sys_data_only}&lt;/template&gt;
            &lt;/if&gt;
            &lt;else&gt;true&lt;/else&gt;
        &lt;/case&gt;
    &lt;/var-def&gt;

    &lt;var-def name="datastoreName"&gt;
        &lt;script return="item.getWrappedObject().getRun().getDatastoreName()" /&gt;
    &lt;/var-def&gt;
    &lt;case&gt;
        &lt;if condition="${!datastoreName.isEmpty()}"&gt;
            &lt;insert-datastore   datastore-name="${datastoreName}" create="true"&gt;
                &lt;script return="hit_submission_data_item.getWrappedObject().getItemValueMap()"/&gt;
            &lt;/insert-datastore&gt;
        &lt;/if&gt;
    &lt;/case&gt;

    &lt;export include-original-data="true"
            export-type="${exportType}"
            export-columns="${exportColumns}"
            column-name-case="${columnNameCase}"
            &gt;
    &lt;/export&gt;
&lt;/config&gt;</content>
                                 <description>Default machine campaign for end step.</description>
                                 <includedConfigs/>
                                 <inclusionCode>b9f345b5-426a-4485-98ef-f9d1e44b7cdb</inclusionCode>
                                 <machineWorkSetting>
                                    <category>
                                       <automation>false</automation>
                                       <description/>
                                       <enabled>true</enabled>
                                       <executingType>MACHINE</executingType>
                                       <name>Other</name>
                                       <private>false</private>
                                       <publicId>dd92f240-144b-4fef-8476-4ec0acbc1105</publicId>
                                    </category>
                                    <contentType>BLANK</contentType>
                                    <description/>
                                    <enabled>true</enabled>
                                    <name>Miscellaneous Tasks</name>
                                    <publicId>26e6e095-00bb-43fa-8c34-af0b18e71ac9</publicId>
                                    <version>
                                       <lastModified>2024-05-25T19:44:57.008295100Z</lastModified>
                                       <componentUuid>26e6e095-00bb-43fa-8c34-af0b18e71ac9</componentUuid>
                                       <incrementalVersion>1.0</incrementalVersion>
                                       <lastInChain>true</lastInChain>
                                       <versionUuid>5d23ea07-edaf-4f10-a20f-caf766a43b2c</versionUuid>
                                    </version>
                                    <answers/>
                                    <machineWorkSettingType>BASIC</machineWorkSettingType>
                                    <template>
                                       <content>&lt;?xml version="1.0" encoding="UTF-8"?&gt;
&lt;config charset="UTF-8"&gt;
	&lt;export include-original-data="true"&gt;
	&lt;/export&gt;
&lt;/config&gt;</content>
                                       <name>Blank</name>
                                       <origination>CREATED_MANUALLY</origination>
                                       <status>ACTIVE</status>
                                       <type>BASE_MACHINE</type>
                                       <uuid>8f04bd99-7f51-4796-a528-d1a7c9ccfbc4</uuid>
                                       <version>
                                          <lastModified>2024-05-25T19:44:57.008295100Z</lastModified>
                                          <componentUuid>8f04bd99-7f51-4796-a528-d1a7c9ccfbc4</componentUuid>
                                          <incrementalVersion>1.0</incrementalVersion>
                                          <lastInChain>false</lastInChain>
                                          <versionUuid>b391847d-89f5-4724-98e9-0762d6c99b60</versionUuid>
                                       </version>
                                    </template>
                                 </machineWorkSetting>
                                 <name>Final Results</name>
                                 <machineConfigOptions/>
                                 <sourceType>MANUAL</sourceType>
                                 <template>
                                    <content>&lt;?xml version="1.0" encoding="UTF-8"?&gt;
&lt;config charset="UTF-8"&gt;
	&lt;export include-original-data="true"&gt;
	&lt;/export&gt;
&lt;/config&gt;</content>
                                    <name>Blank</name>
                                    <origination>CREATED_MANUALLY</origination>
                                    <status>ACTIVE</status>
                                    <type>BASE_MACHINE</type>
                                    <uuid>8f04bd99-7f51-4796-a528-d1a7c9ccfbc4</uuid>
                                    <version>
                                       <lastModified>2024-05-25T19:44:57.008295100Z</lastModified>
                                       <componentUuid>8f04bd99-7f51-4796-a528-d1a7c9ccfbc4</componentUuid>
                                       <incrementalVersion>1.0</incrementalVersion>
                                       <lastInChain>false</lastInChain>
                                       <versionUuid>cb7fbd20-a9b2-4852-bfe8-050692646654</versionUuid>
                                    </version>
                                 </template>
                                 <uuid>0e1d335a-3b8e-4a31-965b-fc76b7731e18</uuid>
                                 <version>
                                    <lastModified>2024-05-25T19:44:57.008295100Z</lastModified>
                                    <componentUuid>9e5000e3-c243-42d3-b5ad-c6ac90dec35e</componentUuid>
                                    <incrementalVersion>1.0</incrementalVersion>
                                    <lastInChain>true</lastInChain>
                                    <versionUuid>34834da8-19bd-4127-8c0b-30be2287bbad</versionUuid>
                                 </version>
                              </machineConfig>
                              <origination>CREATED_AUTOMATICALLY</origination>
                              <requiresData>true</requiresData>
                              <status>ACTIVE</status>
                              <streamComplexRunThreshold>100</streamComplexRunThreshold>
                              <streamTimeInterval>Immediately</streamTimeInterval>
                              <streamTimeIntervalValue>0</streamTimeIntervalValue>
                              <streamValueType>Percents</streamValueType>
                              <title>Final Results</title>
                              <type>SINGLE</type>
                              <uuid>eee5e4b3-f5dd-4028-b426-49387b91d014</uuid>
                              <validWorkflow>false</validWorkflow>
                              <version>
                                 <lastModified>2024-05-25T19:44:57.008295100Z</lastModified>
                                 <componentUuid>9f6a0dc2-8693-11e7-be4e-06d2c080f20b</componentUuid>
                                 <incrementalVersion>1.0</incrementalVersion>
                                 <lastInChain>false</lastInChain>
                                 <versionUuid>f8ef51ea-9d72-4d4d-ad42-d684099da2c3</versionUuid>
                              </version>
                              <workSettingBase>false</workSettingBase>
                              <goldRatio>0</goldRatio>
                              <goldBucketBlockSize>0</goldBucketBlockSize>
                              <goldSource>Empty</goldSource>
                              <goldType>Percentage</goldType>
                              <moderation>false</moderation>
                           </campaign>
                           <deleted>false</deleted>
                           <lastModifiedAudit>
                              <lastModified>2022-04-08T14:58:21.280Z</lastModified>
                           </lastModifiedAudit>
                           <skipForSTPCalculation>false</skipForSTPCalculation>
                           <stepIndex>2</stepIndex>
                           <stepPosition>END</stepPosition>
                           <streamed>false</streamed>
                           <uuid>cb30ef35-e1b5-4605-8ce0-41a79c91f756</uuid>
                           <blockSize>1</blockSize>
                        </campaignMap>
                     </campaignMaps>
                     <campaigns/>
                     <compositeStructureXml>&lt;?xml version="1.0" encoding="UTF-8" standalone="no"?&gt;&lt;mxGraphModel&gt;&#13;
  &lt;root&gt;&#13;
    &lt;mxCell id="0"/&gt;&#13;
    &lt;mxCell id="1" parent="0"/&gt;&#13;
    &lt;Start id="2" name="Start" type="start"&gt;&#13;
      &lt;mxCell parent="1" style="start" vertex="1"&gt;&#13;
        &lt;mxGeometry as="geometry" height="32.0" width="32.0" x="220.0" y="180.0"/&gt;&#13;
      &lt;/mxCell&gt;&#13;
    &lt;/Start&gt;&#13;
    &lt;End campaignMapUUID="cb30ef35-e1b5-4605-8ce0-41a79c91f756" id="3" name="Final Results" type="end"&gt;&#13;
      &lt;mxCell parent="1" style="end" vertex="1"&gt;&#13;
        &lt;mxGeometry as="geometry" height="32.0" width="32.0" x="524.0" y="180.0"/&gt;&#13;
      &lt;/mxCell&gt;&#13;
    &lt;/End&gt;&#13;
    &lt;MachineTask campaignMapUUID="0ae11761-4f8a-4af4-a213-db9a5aa76d24" id="4" name="rpa-core-rated-task1-bcb v1.1 (example-bot)" taskUUID="4d7bff94-419b-4d50-bea4-a0f7defb62e1" type="machine_task"&gt;&#13;
      &lt;mxCell parent="1" style="machine_task" vertex="1"&gt;&#13;
        &lt;mxGeometry as="geometry" height="60.0" width="160.0" x="310.0" y="166.0"/&gt;&#13;
      &lt;/mxCell&gt;&#13;
    &lt;/MachineTask&gt;&#13;
    &lt;Link id="5" name="" type="link"&gt;&#13;
      &lt;mxCell edge="1" parent="1" source="2" style="link" target="4"&gt;&#13;
        &lt;mxGeometry as="geometry" relative="1" x="0.5" y="10.0"/&gt;&#13;
      &lt;/mxCell&gt;&#13;
    &lt;/Link&gt;&#13;
    &lt;Link id="6" name="" outcome="ApproveAll" outcomeId="ApproveAll" ruleUUID="0a1c556d-78c3-46ec-a090-e75dbab79ebf" type="link"&gt;&#13;
      &lt;mxCell edge="1" parent="1" source="4" style="link" target="3"&gt;&#13;
        &lt;mxGeometry as="geometry" relative="1" x="0.5" y="10.0"/&gt;&#13;
      &lt;/mxCell&gt;&#13;
    &lt;/Link&gt;&#13;
  &lt;/root&gt;&#13;
&lt;/mxGraphModel&gt;</compositeStructureXml>
                     <createNewTrainingSet>false</createNewTrainingSet>
                     <description>Business Process description</description>
                     <executingType>COMPOSITE</executingType>
                     <includeOriginalData>false</includeOriginalData>
                     <origination>CREATED_AUTOMATICALLY</origination>
                     <requiresData>false</requiresData>
                     <status>ACTIVE</status>
                     <streamComplexRunThreshold>1</streamComplexRunThreshold>
                     <streamTimeInterval>Immediately</streamTimeInterval>
                     <streamTimeIntervalValue>0</streamTimeIntervalValue>
                     <streamValueType>Tasks</streamValueType>
                     <title>[rpa-core-rated-task1 v1.1] Example BP</title>
                     <type>COMPOSITE</type>
                     <uuid>624e7e00-b619-4558-bf08-f001b397bb9b</uuid>
                     <validWorkflow>true</validWorkflow>
                     <version>
                        <lastModified>2022-04-08T14:58:21.280Z</lastModified>
                        <componentUuid>08016663-cd14-4d92-b0ef-11f9ddb35777</componentUuid>
                        <incrementalVersion>1.14</incrementalVersion>
                        <lastInChain>true</lastInChain>
                        <versionUuid>9bfa288a-957f-443a-97b3-fdb47228e102</versionUuid>
                     </version>
                     <workSettingBase>false</workSettingBase>
                     <goldRatio>0</goldRatio>
                     <goldBucketBlockSize>0</goldBucketBlockSize>
                     <goldSource>Empty</goldSource>
                     <goldType>Percentage</goldType>
                     <compositeCampaignVersion>NEW_WORKFLOW</compositeCampaignVersion>
                     <compositeCampaignVersion>NEW_WORKFLOW</compositeCampaignVersion>
                  </campaign>
                  <description>
                     <automationType>NONE</automationType>
                     <goldRun>false</goldRun>
                     <qualificationTraining>false</qualificationTraining>
                     <snapshotType>CSV</snapshotType>
                     <streamingValue>1</streamingValue>
                     <streamingValueType>Tasks</streamingValueType>
                     <taskParams>{"values":{"NAME":"rpa-core-rated-task1-bcb v1.1 (example-bot)"}}</taskParams>
                     <uploadResultsType>CREATE</uploadResultsType>
                     <dynamicTaskRenderingDisabled>true</dynamicTaskRenderingDisabled>
                  </description>
                  <executingType>MACHINE</executingType>
                  <forceComplete>false</forceComplete>
                  <forceCompleteIdleTime>0</forceCompleteIdleTime>
                  <forceCompletePercent>100</forceCompletePercent>
                  <lastModified>2022-04-08T14:58:52.447Z</lastModified>
                  <mainRows>1</mainRows>
                  <purged>false</purged>
                  <recordProcessingStatus>COMPLETED</recordProcessingStatus>
                  <recursiveCount>1</recursiveCount>
                  <rootRunUUID>0fd52856-a4d1-410e-9014-720acb7c5dbb</rootRunUUID>
                  <runType>SIMPLE</runType>
                  <tags/>
                  <title>rpa-core-rated-task1-bcb v1.1 (example-bot)</title>
                  <uuid>2a04381f-d020-4e0c-a822-4825f002e35d</uuid>
                  <mixStrategy>
                     <additionalRows>0</additionalRows>
                     <goldItemSize>0</goldItemSize>
                     <goldPercentage>0</goldPercentage>
                     <mainRows>0</mainRows>
                     <repeated>false</repeated>
                     <blockSize>1</blockSize>
                  </mixStrategy>
                  <blockSize>1</blockSize>
               </run>
            </runs>
            <automationUseCases/>
            <automationInfo/>
         </project>
         <hashCode>9947741808</hashCode>
      </objectContainer>
  </objects>
</objectListWrapper>